<datapower-configuration version="3"><export-details><description>Exported Configuration</description><user>scripts</user><domain>default</domain><comment/><product-id>software</product-id><product>IDG</product><display-product>IDG</display-product><model>IBM DataPower Gateway</model><display-model>IBM DataPower Gateway</display-model><device-name>1b9a6584b33a</device-name><serial-number>0000001</serial-number><firmware-version>IDG.10.0.1.5</firmware-version><display-firmware-version>IDG.10.0.1.5</display-firmware-version><firmware-build>336212</firmware-build><delivery-type>LTS</delivery-type><firmware-timestamp>2021/09/29 17:46:20</firmware-timestamp><current-date>2023-01-17</current-date><current-time>03:50:37 UTC</current-time><reset-date>2023-01-16</reset-date><reset-time>10:24:51 UTC</reset-time><login-message/><custom-ui-file/></export-details><interface-data><interface name="eth0" type="Other" vers="ipv4" ip-addr="172.17.0.2"/></interface-data><configuration><Domain name="default" intrinsic="true" read-only="true" xmlns:dp="http://www.datapower.com/schemas/management" xmlns:env="http://www.w3.org/2003/05/soap-envelope">
<mAdminState read-only="true">enabled</mAdminState>
<UserSummary read-only="true">Default System Domain</UserSummary>
<BaseDir read-only="true">audit:</BaseDir>
<BaseDir read-only="true">dp:</BaseDir>
<BaseDir read-only="true">local:</BaseDir>
<BaseDir read-only="true">mappings:</BaseDir>
<BaseDir read-only="true">meta:</BaseDir>
<BaseDir read-only="true">store:</BaseDir>
<BaseDir read-only="true">temporary:</BaseDir>
<BaseDir read-only="true">webgui:</BaseDir>
<BaseDir read-only="true">xa35:</BaseDir>
<ConfigDir>config:///</ConfigDir>
<ConfigFile read-only="true">autoconfig.cfg</ConfigFile>
<URLMap read-only="true">
<http>on</http>
<https>on</https>
<snmp>on</snmp>
<ftp>on</ftp>
<mailto>on</mailto>
<mq>on</mq></URLMap>
<FileMap read-only="true">
<CopyFrom>on</CopyFrom>
<CopyTo>on</CopyTo>
<Delete>on</Delete>
<Display>on</Display>
<Exec>on</Exec>
<Subdir>on</Subdir></FileMap>
<MonitoringMap read-only="true">
<Audit>off</Audit>
<Log>off</Log></MonitoringMap>
<ConfigMode read-only="true">local</ConfigMode>
<ImportFormat read-only="true">ZIP</ImportFormat>
<LocalIPRewrite read-only="true">on</LocalIPRewrite>
<MaxChkpoints read-only="true">3</MaxChkpoints>
<ConfigPermissionsMode read-only="true">scope-domain</ConfigPermissionsMode></Domain><Domain name="otro" xmlns:dp="http://www.datapower.com/schemas/management" xmlns:env="http://www.w3.org/2003/05/soap-envelope">
<mAdminState>enabled</mAdminState>
<BaseDir>local:</BaseDir>
<BaseDir>otro:</BaseDir>
<ConfigDir>config:///</ConfigDir>
<ConfigFile>otro.cfg</ConfigFile>
<NeighborDomain class="Domain">default</NeighborDomain>
<URLMap>
<http>on</http>
<https>on</https>
<snmp>off</snmp>
<ftp>off</ftp>
<mailto>off</mailto>
<mq>off</mq></URLMap>
<FileMap>
<CopyFrom>on</CopyFrom>
<CopyTo>on</CopyTo>
<Delete>on</Delete>
<Display>on</Display>
<Exec>on</Exec>
<Subdir>on</Subdir></FileMap>
<MonitoringMap>
<Audit>off</Audit>
<Log>off</Log></MonitoringMap>
<ConfigMode>local</ConfigMode>
<ImportFormat>ZIP</ImportFormat>
<LocalIPRewrite>on</LocalIPRewrite>
<MaxChkpoints>3</MaxChkpoints>
<ConfigPermissionsMode>scope-domain</ConfigPermissionsMode></Domain></configuration><domains><domain name="default"/><domain name="otro"/></domains></datapower-configuration>